,region,price(million)
0,Abag,12737.2714
1,Abagnar Qi,5350.7734
2,Acheng,110490.71
3,Akqi,4824.9207
4,Aksai Kazakh,4219.7376
5,Aksu,67711.7823
6,Akto,14141.8682
7,Altay,43762.4175
8,Alxa Left,68549.7187
9,Alxa Right,12014.7947
10,An,195732.8242
11,Anda,48313.0045
12,Anfu,141231.8499
13,Anguo,137244.36
14,Anji,1496731.035
15,Anju,185445.1894
16,Ankang,914333.8521
17,Anlong,83714.5667
18,Anlu,252242.69
19,Anning,709186.0984
20,Anping,214656.6919
21,Anqing,632917.2759
22,Anqiu,460915.5596
23,Ansai,37157.8985
24,Anshan,1744608.469
25,Anshun,431854
26,Antu,110083.7649
27,Anxi,518184.0212
28,Anxin,61971.4
29,Anyang Shì,605769.4532
30,Anyang Xiàn,605769.4532
31,Anyi,253188.54
32,Anyuan,151248.9698
33,Anze,14060.7815
34,Aohan,226028.8712
35,Ar Horqin,143064.54
36,Artux,43161.3342
37,Arun,91554.8489
38,Awat,13572.7823
39,Ba,1800754.918
40,Bachu,24282.4131
41,Badong,48207.0341
42,Baicheng,380398.6074
43,Baihe,6235.9395
44,Baiquan,20229.2762
45,Bairin Left,135264.3101
46,Bairin Right,33896.6304
47,Baise,320676.018
48,Baisha Li,43223.9991
49,Baishui,72464.3136
50,Baixiang,51127.0395
51,Baiyü,398.5
52,Bama Yao,33677.9208
53,Bao'an,140236.99
54,Baode,108656.215
55,Baodi,1025264.811
56,Baoding,2120938.813
57,Baofeng,319199.5
58,Baokang,75687.0699
59,Baoqing,22391.391
60,Baoshan,18275.1004
61,Baoting Li,57105.2498
62,Baotou,1235191.281
63,Baoxing,10500.5549
64,Baoying,921827.8102
65,Barkam,6415.9236
66,Batang,9057
67,Bayan,44807.0532
68,Bei'an,35098.2913
69,Beichen,546604.6921
70,Beichuan Qiang,46712.4485
71,Beihai,530770.3307
72,Beiliu,277249.8965
73,Beipiao,112095.7874
74,Beizhen,122705.4136
75,Bengbu,2242422.804
76,Benxi,674709.4698
77,Benxi Manchu,148585.9615
78,Bijiang,8842.8436
79,Bijie,693082.6174
80,Bin,115209.6641
81,Binchuan,97763.9175
82,Binhai,692672.0049
83,Binyang,119530.8316
84,Biyang,730445.6392
85,Bo'ai,80606.5609
86,Bobai,194783.3766
87,Bohu,11210.9445
88,Bole,161267.1477
89,Boli,22532.1867
90,Boluo,473280.2789
91,Bordered Yellow,5542.6801
92,Boxian,2373167.339
93,Boxing,200823.2095
94,Boyang,1630517.375
95,Boye,36622.4498
96,Burqin,13684.7747
97,Butha Qi,92116.42
98,Butuo,163.9777
99,Cang,231402.2143
100,Cangnan,992753.4071
101,Cangshan,409082.8598
102,Cangwu,110920.096
103,Cangxi,215523.8438
104,Cangyuan Va,60605.8303
105,Cangzhou,1578939.474
106,Cao,364890
107,Ceheng,8152.1631
108,Cengong,111395.7496
109,Cenxi,162012.2874
110,Changbai Korean,5434.8767
111,Changchun,6532778.865
112,Changdao,28495.7997
113,Changfeng,1522244.667
114,Changge,364681.449
115,Changhai,6102.5
116,Changji,875129.7633
117,Changjiang Li,132061.4998
118,Changle,1529645.262
119,Changli,451107.849
120,Changling,52527.1897
121,Changning,202944.4122
122,Changping,9227.6785
123,Changsha Xiàn,2263137.319
124,Changshan,176102.7127
125,Changshu,2367288.073
126,Changshun,75319.9312
127,Changtai,160753.964
128,Changting,100663.5524
129,Changtu,123865.6553
130,Changwu,111611.6093
131,Changxing,1129727.108
132,Changyang Tujia,35059.7273
133,Changyi,498151.6125
134,Changyuan,272417.5928
135,Changzhi Shì,94638.7447
136,Changzhi Xiàn,94638.7447
137,Changzhou,219358.096
138,Chao,50763.4351
139,Chaonan,134262.2672
140,Chaotian,49858.8678
141,Chaoyang,111171.9604
142,Chaoyang Shì,466252.3245
143,Chaoyang Xiàn,202217.4734
144,Chaozhou,621861.0613
145,Chen,850056.6548
146,Chenbarag Qi,92116.42
147,Cheng,7682.5
148,Cheng'an,90269.6069
149,Chengde Shì,235162.8601
150,Chengde Xiàn,136855.6434
151,Chengdu Shì,12854441.25
152,Chenggu,91625.2164
153,Chenghai,277332.1741
154,Chengjiang,107234.6402
155,Chengmai,356309.43
156,Chengwu,75424.2425
157,Chenzhou,850056.6548
158,Chicheng,28012.8301
159,Chifeng,515847.7594
160,Chiping,17781.4201
161,Chishui,238371.144
162,Chongan,259527.6466
163,Chongli,115108.5563
164,Chongqing,12854441.25
165,Chongren,323384.25
166,Chongxin,26514.5897
167,Chongyang,125863.1831
168,Chongyi,67321.53
169,Chun'an,474356.4471
170,Chunhua,13843.6535
171,Chuxian,1507109.789
172,Chuxiong,264251.0232
173,Ci,246643.3277
174,Cixi,1414176.265
175,Conghua,163875.7505
176,Congjiang,103711.8482
177,Da,434262.6865
178,Da'an,78530.847
179,Dachang Hui,919105.1408
180,Dadong,1011195.254
181,Dafang,613148.3328
182,Dafeng,774782.9508
183,Dagang,6891.2
184,Daguan,1689.7894
185,"Dahua Yao 	",33204.5086
186,Dai,23412.5
187,Daicheng,169194.84
188,Daishan,137232.4073
189,Dalad,88894.4633
190,Dali,619552.6123
191,Dalian,5889783.939
192,Daming,97558
193,Danba,7269
194,Dancheng,90513.0333
195,Danfeng,30145.4814
196,Dangchang,14146.0626
197,Dangtu,710732.1525
198,Dangyang,251185.4731
199,Daning,5699.3318
200,Danleng,55227.2145
201,Dantu,132353.6
202,Danyang,1265936.752
203,Danzhai,29027.3382
204,Danzhou,987540.9723
205,Daocheng,18490.1255
206,Dapu,46662.9891
207,Daqina,859550.0594
208,Darlag,81.3991
209,Datian,82696.2
210,Datong Shì,1679286.547
211,Datong Xiàn,73538.26
212,Dawa,271002.661
213,Dawu,157256.7027
214,Daxian,477670.1203
215,Daxin,30065.7772
216,Daxing,74487.0741
217,Dayao,28291.8919
218,Daye,624136.6036
219,Dayi,155499.2355
220,Dayu,58660.58
221,Dazhu,332417.0594
222,De'an,272780.603
223,Debao,18546.6069
224,Dechang,67139.3146
225,Dedu,24431.7
226,Dehua,201392.2065
227,Dehui,315366.0973
228,Dejiang,224469.8
229,Delingha,45543.7
230,Deng,765181.3797
231,Dengfeng,322146.9272
232,Dengkou,26058.426
233,Dengta,328821.3922
234,Deqing,848213.3969
235,Dexing,406760.4
236,Deyang,364561.9651
237,Dezhou,802175.3909
238,Dianbai,316724.4024
239,Ding,2120938.813
240,Ding An,60217.9083
241,Dingbian,33891.329
242,Dingcheng,214425.1913
243,Dinghai,422246.1608
244,Dingnan,78538.599
245,Dingtao,266557.7577
246,Dingxi,89439.4529
247,Dingxiang,42314.5
248,Dingxing,95114.56
249,Dingyuan,410949.7486
250,Dong Ujimqin,5350.7734
251,Dong'e,143510.6942
252,Dongchuan,24255.7531
253,Dongfang,176892.6616
254,Donggang,272610.6814
255,Dongguang,85078.4749
256,Donghai,238855.39
257,Donglan,7171.234
258,Dongli,369894.8476
259,Dongliao,22531.97
260,Dongming,186356.1655
261,Dongning,17837.5
262,Dongping,242987.4861
263,Dongshan,117927.8491
264,Dongsheng,93661.6989
265,Dongtai,838324.0535
266,Dongxiang,240884.335
267,Dongxing,153590.7328
268,Dongyang,1010649.818
269,Dongyuan,308089.1498
270,Dongzhi,461631.18
271,Doumen,51032.1278
272,Duchang,253981.4893
273,Dulan,8536.0561
274,Dunhua,46393.2386
275,Dunhuang,99390.4505
276,Duolun,52279.709
277,Dushan,163512.0523
278,Dushanzi,26187.9747
279,Duyun,727788.7876
280,Du’an Yao,53956.2812
281,Dêgê,53.8
282,Dêqên,1918.4841
283,Dêrong,21.85
284,Ebian Yi,4920.93
285,Ejin,33560.0986
286,Ejin Horo,343410.5004
287,Emeishan,549835.513
288,Emin,19906.3326
289,Enping,105218.67
290,Erenhot,56094.5786
291,Ergun,15126.344
292,Eryuan,55488.78
293,Eshan Yi,51115.8256
294,Evenk,49936.568
295,Faku,207511.9468
296,Fanchang,375460.6918
297,Fang,147301.0465
298,Fangcheng,202174.7788
299,Fangshan,375302.4739
300,Fangzheng,18552.6
301,Fanshi,75691.7254
302,Fanxian,806727.1881
303,Feicheng,389138.3501
304,Feidong,1329623.935
305,Feixi,911358.7981
306,Feixian,4300154.507
307,Feixiang,55639.7563
308,Feng,1511115.106
309,Fengcheng,889899.2914
310,Fengfengkuang,128505.5526
311,Fenggang,73385.0028
312,Fenghua,1071365.503
313,Fengkai,46818.111
314,Fengnan,384471.5641
315,Fengning Manchu,124279.7958
316,Fengqing,36065.7529
317,Fengqiu,67819.2112
318,Fengrun,323027.1873
319,Fengshan,42709.0247
320,Fengshun,125770.2745
321,Fengtai,295582.1259
322,Fengxiang,39908.9062
323,Fengxin,278401.1525
324,Fengyang,259316.4788
325,Fengzhen,49479.396
326,Fenxi,5514.5993
327,Fenyang,108695.7136
328,Fenyi,158422.14
329,Fogang,98968.8091
330,Foping,20959.4563
331,Fu,57132.5683
332,Fu'an,473955.962
333,Fucheng,73145.9274
334,Fuchuan Yao,129722.8848
335,Fuding,332263.1813
336,Fufeng,37066.416
337,Fugou,110106.7781
338,Fugu,111903.6062
339,Fuhai,19538.3996
340,Fujin,67800.6138
341,Fukang,114304.7669
342,Fumin,134722.7048
343,Funan,590915.8497
344,Funing,1031843.038
345,Fuping,272285.1756
346,Fuqing,1756821.624
347,Fuquan,182901.0942
348,Fushan,1083987.064
349,Fushun,292681.7532
350,Fusong,174149.2306
351,Fusui,75661.5815
352,Fuxin,315024.1249
353,Fuxin Mongol,195534.0222
354,Fuyang,5314752.865
355,Fuyu,98825.0101
356,Fuyuan,38688.762
357,Fuyun,18229.2995
358,Fuzhou,11593109.31
359,Gadê,64.6652
360,Gai,831145.3964
361,Gan,204219.976
362,Gangca,2113.4669
363,Gangu,60963.9367
364,Ganluo,4265.0033
365,Gannan,42609.8328
366,Ganquan,34852.9457
367,Ganyu,926649
368,Ganzhou,624517.6408
369,Gao,74739.96
370,Gao'an,682672
371,Gaochun,470540.5544
372,Gaolan,118448.4859
373,Gaoling,322790.6393
374,Gaomi,395279.3002
375,Gaoming,567420.9627
376,Gaoping,158105.8198
377,Gaoqing,303879.55
378,Gaotai,47461.8057
379,Gaotang,245228.7152
380,Gaoyang,53365
381,Gaoyao,134576.8081
382,Gaoyi,31584
383,Gaoyou,2371914.466
384,Gaozhou,375726.8666
385,Gejiu,131471.0067
386,Gengma Dai and Va,51884.8475
387,Genhe,11334.836
388,Golmud,77996.1106
389,Gong,19592452.36
390,Gong'an,382715.8347
391,Gongcheng Yao,33660.7187
392,Gonghe,15553.5943
393,Gongliu,17544.0942
394,Gongshan Derung and Nu,1207.7483
395,Gu,6561.2052
396,Gu'an,2206015.679
397,Guan,164996.4422
398,Guang'an,164865.77
399,Guangchang,82417.42
400,Guangde,197954.2323
401,Guangfeng,518228.4593
402,Guanghan,179966.5369
403,Guanghe,19333.76
404,Guangji,5988.528
405,Guangling,32330.0084
406,Guangnan,58821.157
407,Guangning,29196.97
408,Guangping,88396.4954
409,Guangrao,626323.3345
410,Guangshan,108918.7346
411,Guangze,24187.116
412,Guangzhou,22498000.6
413,Guangzong,63382.2413
414,Guannan,500220.024
415,Guantao,80519.9536
416,Guanyang,23751.37
417,Guanyun,1014760
418,Gucheng,248384.4095
419,Gui,592787.2546
420,Guichi,522412
421,Guide,46398.8514
422,Guiding,233753.9361
423,Guilin,909220.2241
424,Guinan,1312.891
425,Guiping,209960.672
426,Guixi,178227.3515
427,Guiyang,2483907.096
428,Gujiao,63366.6
429,Gulin,81383.2514
430,Guoyang,2373167.339
431,Gushi,156533.8884
432,Gutian,138627.4811
433,Guyang,16088.4232
434,Guyuan,223413.7397
435,Guzhen,599861.1172
436,Habahe,6829.7792
437,Hai'an,3381308.585
438,Haibowan,190610.3872
439,Haicheng,679349.72
440,Haifeng,261226.8001
441,Haikou,2915155.275
442,Hailar,482417.51
443,Hailin,51314.916
444,Hailun,49596.2039
445,Haimen,2922881.641
446,Haining,1975900.235
447,Haixing,55526.6162
448,Haiyan,974853.8344
449,Haiyang,505385.5294
450,Haiyuan,16881.7253
451,Hami,2929.9908
452,Hancheng,241577.8862
453,Hanchuan,475354.4136
454,Handan Xiàn,727088.8942
455,Handan shì,1569533.08
456,Hanggin,119139.2621
457,Hangu,48080
458,Hangzhou,21846641.18
459,Hanjiang,1014271.017
460,Hanshan,777173.0303
461,Hanyang,21869.4132
462,Hanyin,10724.58
463,Hanyuan,22175.4264
464,Hanzhong,769072.6177
465,Harbin,6613680.557
466,Harqin,73928.483
467,Harqin Left Mongol,206175.21
468,He,1084110.365
469,Hebi,738193.4206
470,Hechi,147586.0909
471,Hefei,22274470.01
472,Hefeng,15780.7672
473,Hegang shì,113103.0787
474,Heihe,24431.7
475,Heishan,126540.1514
476,Hejian,225919.9386
477,Hejiang,249308.5553
478,Hejin,76960.3268
479,Hejing,16316.2525
480,Hekou,5106.595
481,Hekou Yao,52723.642
482,Helan,252392.9772
483,Helong,21598.0983
484,Henan Mongol,1107.82
485,Heng,87204.6996
486,Hengfeng,96963.056
487,Hengshan,104817.625
488,Hengshui,676667.8209
489,Hengyang Shì,4591676.976
490,Hengyang Xiàn,171428.033
491,Heping,36538.5825
492,Hepu,91850.1055
493,Heqing,32037.3445
494,Hequ,77618.1329
495,Heshan,265715.4538
496,Heshui,51891.6538
497,Heshun,25702.089
498,Hexigten,108924.2968
499,Heyang,44929.4331
500,Heze,1407376.244
501,Hezhang,365013.7722
502,Hezheng,91390.3394
503,Hoboksar Mongol,13844.1332
504,Hohhot,3123826.779
505,Hong'an,59598.3
506,Honghe,25611.995
507,Honghu,164323.0808
508,Hongtong,131258.6952
509,Hongya,169083.1
510,Hongze,1115145.51
511,Horinger,130546.1984
512,Horqin Left Back,57604.2101
513,Horqin Left Middle,60235.27
514,Horqin Right Front,26714.7687
515,Horqin Right Middle,19940.2801
516,Houjia,785588.0128
517,Houma,111947.5778
518,Hoxud,8564.9431
519,Hu,333699.5134
520,Hua,187609.8806
521,Hua'an,81491.7735
522,Huachi,12252.9736
523,Huachuan,51600.0229
524,Huade,38447.32
525,Huadian,214455.3038
526,Huai'an,38453.014
527,Huaian,2021113.749
528,Huaibei,545731.4812
529,Huaide,390810.01
530,Huaiji,82212.26
531,Huailai,657559.9322
532,Huainan,1104831.822
533,Huaining,268188.7824
534,Huairen,257162.661
535,Huairou,13100
536,Huaiyang,66623.0317
537,Huaiyin,395560.9171
538,Huaiyuan,613259.2
539,Hualong Hui,55896.5511
540,Huan,26456.8733
541,Huanan,38382.4197
542,Huangchuan,108872.7046
543,Huangdao,2750413.315
544,Huanggang,5988.528
545,Huanghua,373667.7544
546,Huangling,48083.9181
547,Huanglong,4275.929
548,Huangmei,397682.6434
549,Huangpi,809101.4537
550,Huangping,43641.5349
551,Huangshi,1034544.046
552,Huangyan,1086414.797
553,Huangyuan,21951.593
554,Huangzhong,300200.2605
555,Huaning,27472.0358
556,Huanjiang Maonan,24701.8006
557,Huanren Manchu,80258.36
558,Huantai,200269.8034
559,Huaping,43940.1659
560,Huating,37739.8314
561,Huaxi,564025.5525
562,Huaxian,22498000.6
563,Huayin,50453.72
564,Huayun,861063.0464
565,Huazhou,211571.4094
566,Huelu,7386929.211
567,Huguan,37615.4024
568,Hui,29824.355
569,Hui'an,558715.5995
570,Huichang,221683.26
571,Huidong,499369.1579
572,Huilai,135513.6524
573,Huili,48817.004
574,Huimin,384436.5566
575,Huinan,57283.3212
576,Huining,134995.5651
577,Huixian,84333.1648
578,Huiyang,479320.0943
579,Huize,30744.9028
580,Huizhou,1575543.361
581,Hukou,342864.5425
582,Hulan,208561.753
583,Hulin,19359.5852
584,Huma,5364.67
585,Hunchun,180135.2938
586,Hunyuan,45664
587,Huo,210289.5921
588,Huocheng,93078.0795
589,Huolin Gol,146809.256
590,Huoqiu,601722.5323
591,Huoshan,344605.449
592,Hure,43763.0654
593,Hutubi,108803.5063
594,Huzhong,5364.67
595,Huzhou,587107.9296
596,Huzhu Tu,124312.7491
597,Hóngjiang Shì,86841.3147
598,Jainca,11042.1071
599,Jalaid,82352.8561
600,Jarud,60076.3
601,Jeminay,57957.8014
602,Ji,9359209.247
603,Ji An,204582.8138
604,Ji'an,216980.1955
605,Jia,147737.46
606,Jiajiang,133707.5495
607,Jiamusi,154216.2934
608,Jian'ou,189811.7719
609,Jianchang,79236.387
610,Jianchuan,36428.4569
611,Jiande,345050.0711
612,Jiang,31644.254
613,Jiang'an,128513.6139
614,Jiangcheng Hani and Yi,17174.3652
615,Jiangchuan,75880.5163
616,Jiangdu,1181592.567
617,Jiange,53283.3924
618,Jiangkou,62724.42
619,Jiangle,73539.9671
620,Jiangling,184376.7715
621,Jiangmen,1337079.844
622,Jiangning,7953073.643
623,Jiangpu,10046676.95
624,Jiangshan,302721.3813
625,Jiangyan,292992.02
626,Jiangyang,160312.4546
627,Jiangyin,1913055.953
628,Jiangyou,1017030.361
629,Jiangyuan,23108.1344
630,Jianhe,61305.9715
631,Jianhu,796459.9815
632,Jianli,379883.1797
633,Jianning,16925.658
634,Jianping,129932.489
635,Jianshi,124982.6333
636,Jianshui,203687.2442
637,Jianyang,290575.6367
638,Jiaocheng,56698.3699
639,Jiaohe,1632718.389
640,Jiaokou,18404.5
641,Jiaoling,73539.7141
642,Jiaonan,1018899.267
643,Jiaoxian,5005158.723
644,Jiaozuo,531427.5412
645,Jiashan,2808117.393
646,Jiashi,10298.8796
647,Jiaxiang,718834.85
648,Jiaxing,1534687.151
649,Jiayin,82803.3232
650,Jiayu,400315.8372
651,Jiayuguan,82092.7138
652,Jidong,12694.4
653,Jiedong,173158.0634
654,Jieshou,799828.4437
655,Jiexi,25275.5241
656,Jiexiu,98121.282
657,Jigzhi,204.1
658,Jilin,1359215.343
659,Jimo,1542311.3
660,Jimsar,119436.8355
661,Jin,1327213.199
662,Jing,224232.7863
663,Jing'an,236883.2122
664,Jingbian,97041.66
665,Jingcheng,337684.1676
666,Jingchuan,57470.056
667,Jingde,166724.3226
668,Jingdezhen,500319.6216
669,Jingdong Yi,59901.5204
670,Jinggangshan,46157.435
671,Jinggu Dai and Yi,35009.3302
672,Jinghai,1275404.802
673,Jinghe,44664.8036
674,Jinghong,420544.5637
675,Jingjiang,752278.5314
676,Jingjing,34828.3882
677,Jingle,19756.651
678,Jingmen,38275.05
679,Jingning,87512.1816
680,Jingning She,108434.6709
681,Jingshan,368903.98
682,Jingtai,20460.0935
683,Jingxi,194760.853
684,Jingyan,108246.2917
685,Jingyang,628922.8198
686,Jingyu,41832.255
687,Jingyuan,63778.3684
688,Jingzhou,1621568.997
689,Jinhu,1539642.48
690,Jinhua Shì,1273257.281
691,Jining,2759331.604
692,Jinjiang,2112791.954
693,Jinkouhe,3848.92
694,Jinning,535663.1029
695,Jinping,53511.488
696,"Jinping Miao, Yao and Dai",8739.7327
697,Jinsha,464059.991
698,Jinshi,465808.36
699,Jinta,24251.1938
700,Jintan,7221301.291
701,Jintang,187035.4434
702,Jinxi,578621.3392
703,Jinxian,463184.6557
704,Jinxiang,662493.558
705,Jinxiu Yao,28500.3063
706,Jinyun,244578.1719
707,Jinzhai,1029479.425
708,Jinzhou,1438041.98
709,Jishan,13419.694
710,"Jishishan Bonan, Dongxiang and Salar",19635.001
711,Jishou,114766.92
712,Jishui,125578.26
713,Jiujiang Xiàn,609454.7975
714,Jiutai,278142.6877
715,Jixi,237708.1244
716,Jixian,74488.8116
717,Jiyang,309793.7892
718,Jiyuan,317064.193
719,Jize,13037.619
720,Jonê,405.421
721,Juancheng,1407376.244
722,Julu,89615.4052
723,Junan,444756.3042
724,Jungar,128000.4404
725,Junlian,77913
726,Junxian,1105831.546
727,Jurong,1409545.885
728,Juxian,1960703.175
729,Juye,351944.5941
730,Kaifeng,98920.34
731,Kaifeng Xiàn,98920.34
732,Kaihua,275222.3102
733,Kaijiang,90185.4622
734,Kaili,229448.3413
735,Kailu,40827.0359
736,Kaiping,161422.0025
737,Kaiyang,131585.5498
738,Kaiyuan,361924.6913
739,Kalpin,17537.5917
740,Kang,2954.5802
741,Kangbao,44594.7484
742,Kangding,11028.4114
743,Kangle,8730.001
744,Kangping,60195.08
745,Karamay,26557.0631
746,Kashgar,425247.4938
747,Kedong,20717.568
748,Kelan,39797.0916
749,Kenli,412208.2125
750,Keshan,33639.2504
751,Khotan,109750.8715
752,Kuancheng Manchu,241572.8176
753,Kuandian Manchu,82588.5115
754,Kuitun,265433.3593
755,Kunming,9105662.125
756,Kunshan,4692011.57
757,Lai'an,474180.8229
758,Laibin,529622.761
759,Laifeng,103797.956
760,Laishui,196074.5435
761,Laiwu,666960.9938
762,Laixi,273670.9249
763,Laiyang,314282.1117
764,Laiyuan,33357.27
765,Laizhou,370057.8649
766,Lan,25577.3185
767,Lancang Lahu,10711.1753
768,Langao,9765.256
769,Langxi,185285.93
770,Langzhong,846751.28
771,Lankao,254558.35
772,Lanping Bai and Pumi,5012.2877
773,Lantian,43526
774,Lanxi,422689.997
775,Laohekou,244124.1702
776,Laoshan,2007191.188
777,Le'an,142677.87
778,Lechang,68635.1171
779,Ledong Li,280747
780,Ledu,22866.783
781,Leibo,9246.4422
782,Leishan,56384.2337
783,Leizhou,62887.7136
784,Leling,130658.0925
785,Leping,241880.33
786,Leting,379085.3986
787,Leye,9881.1136
788,Lezhi,514105.5936
789,Li,1414202.434
790,Liancheng,107382.6409
791,Liangcheng,13920.3459
792,Liangdang,870.325
793,Lianghe,13230.3345
794,Liangshan,191844.308
795,Liangzhou,182991.254
796,Lianhua,28103.93
797,Lianjiang,1132540.796
798,Liannan Yao,11909.3147
799,Lianping,22975.264
800,Lianshui,1043896.81
801,Lianyungang,2689375.195
802,Lianzhou,58684.0974
803,Liaocheng,17781.4201
804,Liaoyuan,129312.2868
805,Liaozhong,208728.8799
806,Libo,82722.73
807,Licheng,28076.0318
808,Lichuan,317933.9435
809,Lijiang,85726.193
810,Lijin,158386
811,Liling,392629.5606
812,Lin,626365.4455
813,Lin'an,662171.9479
814,Lincang,775
815,Lincheng,63190.594
816,Linchuan,878154.8193
817,Lindian,14143.6651
818,Linfen,210289.5921
819,Ling,1666551.974
820,Lingbao,155014.93
821,Lingbi,190863.6876
822,Lingchuan,394012.6116
823,Lingqiu,40644
824,Lingshan,137803.8764
825,Lingshi,68963.969
826,Lingshou,56891.3676
827,Lingshui Li,906206.0716
828,Lingtai,1859.93
829,Lingui,267095.4694
830,Lingwu,145745.6696
831,Lingyuan,345971.6731
832,Lingyun,13381.2519
833,Linhai,896280.2554
834,Linhe,273177.0419
835,Linjiang,11709.781
836,Linkou,302676.6766
837,Linqing,175654.3069
838,Linqu,496825.139
839,Linquan,545465.5432
840,Linru,1075243.342
841,Linshu,371095.0132
842,Linshui,163157.7582
843,Lintan,353.1834
844,Lintao,70111.2094
845,Linxi,130051.0047
846,Linxia,206670.2
847,Linxia Shi,206670.2
848,Linyi,585792.4793
849,Linying,183920.0447
850,Linyou,9289.1205
851,Linze,60338.5645
852,Linzhang,97244.02
853,Liping,106786.7816
854,Liquan,34012.4176
855,Lishi,38587.4069
856,Lishu,94222.5546
857,Lishui,3081196.808
858,Liuba,1893.3211
859,Liucheng,53947.949
860,Liuhe,132791.0988
861,Liujiang,291904.624
862,Liulin,41860.48
863,Liuzhi,152701.9346
864,Liuzhou,4036781.313
865,Lixin,739275.1925
866,Liyang,6235830.787
867,Long,56306
868,Long'an,56896.1303
869,Longchang,347176.0179
870,Longchuan,21711.7692
871,Longde,34217.8215
872,Longfang,1800754.918
873,Longhai,1881723.294
874,Longhua,135051.7859
875,Longjiang,553882.8
876,Longjing,26672.8692
877,Longkou,536718.4404
878,Longli,592965.6798
879,Longlin Various Nationalities,23207.917
880,Longling,50076.6645
881,Longmen,122375.2688
882,Longnan,55967.9596
883,Longquan,243231.7695
884,Longsheng Various Nationalities,24141.6574
885,Longwan,1357531.739
886,Longxi,99954.377
887,Longyao,60193.3782
888,Longyou,460538.4523
889,Longzhou,43462.5325
890,Lop,7607.8978
891,Loufan,26180.8891
892,Lu,255846.3107
893,Lu An,3005249.936
894,Luan,225615.5398
895,Luancheng,272026.0617
896,Luanchuan,55778.91
897,Luannan,231569.4237
898,Luanping,157920.4505
899,Lucheng,84513.15
900,Luchuan,186637.5278
901,Ludian,8603.2224
902,Luding,5267.6365
903,Lueyang,34577.4751
904,Lufeng,164888.6173
905,Luhe,645876.6608
906,Lujiang,459844.4739
907,Luliang,119376.1504
908,Lulong,75359.7151
909,Lunan,9105662.125
910,Lungchuan,84708.0749
911,Luntai,20405.1726
912,Luobei,17124.8854
913,Luocheng Mulao,53386.9589
914,Luochuan,83061.3244
915,Luodian,95285.29
916,Luoding,258534.3845
917,Luohe,1183807.396
918,Luojiang,279543.017
919,Luonan,53156.7644
920,Luoning,29804.7368
921,Luoping,44531.9047
922,Luoshan,98459.9383
923,Luotian,45275.1098
924,Luoyang,1939439.05
925,Luoyuan,238276.7082
926,Luqu,1800.15
927,Luquan Yi and Miao,61563.3284
928,Lushan,154950.845
929,Lushi,36716.9475
930,Lushui,13556.4422
931,Lushunkou,261046.4989
932,Luxi,180040.1402
933,Luyi,232681.8481
934,Luzhai,105691.424
935,Luzhou,1267102.989
936,Lüchun,8033.2253
937,Maanshan,1234335.385
938,Mabian Yi,30752.8827
939,Macheng,569358.3164
940,Madoi,87.3119
941,Maguan,30360.6936
942,Majiang,34987.5313
943,Makit,28141.0381
944,Malipo,24317.585
945,Malong,20526.0749
946,Manas,87403.6711
947,Mancheng,75005
948,Manzhouli,169623.9182
949,Mao,5956.2212
950,Maoming,932911.8318
951,Maqu,431.19
952,Maqên,1687.17
953,Mashan,28553.4299
954,Mayang Miao,74764.9337
955,Mei,513718.0169
956,Meigu,91.5696
957,Meihekou,352711.8253
958,Meishan,905690.4118
959,Meitan,217192.2864
960,Meizhou,916642.6935
961,Meng,531427.5412
962,Mengcheng,996911
963,Mengcun Hui,30252.9004
964,Menghai,56058.8986
965,Mengjin,229383.546
966,Mengla,130492.1406
967,"Menglian Dai, Lahu and Va",20209.4445
968,Mengshan,32466.4849
969,Mengyin,248514.8798
970,Mengzi,206912.7086
971,Menyuan Hui,12289.2849
972,Mi,19564386.26
973,Mian,67680.5411
974,Mianchi,35822.52
975,Mianning,22741.4966
976,Mianyang,1789798.321
977,Mianzhu,192518.2361
978,Midu,70835.1801
979,Mile,359826.7837
980,Min,12924.2774
981,Minfeng,282.9833
982,Mingshan,46139.295
983,Mingshui,38789.82
984,Mingxi,52303.9755
985,Minhou,1897154.435
986,Minle,30638.5613
987,Minqin,19770.42
988,Minqing,183623.498
989,Minquan,202795.8
990,Mishan,16667.6521
991,Miyi,71595.3579
992,Miyun,21920.8405
993,Mizhi,8201.6388
994,Mohe,6311.6392
995,Mojiang Hani,39784.5652
996,Mori,1189462.594
997,Mouding,18463.8964
998,Muchuan,35003.0256
999,Mudanjiang,302676.6766
1000,Mulan,12696.8976
1001,Muli Tibetan,303.14
1002,Muling,29617.1667
1003,Muping,580218.9889
1004,Naiman,97633.8407
1005,Nan'an,614247.9781
1006,Nanbu,232202.9836
1007,Nanchang Xiàn,687371.8215
1008,Nancheng,210509.61
1009,Nanchong Shì,1759985.387
1010,Nanchong Xiàn,1759985.387
1011,Nandan,50751.3943
1012,Nanfeng,83244.8024
1013,Nangong,109304.9222
1014,Nanhai,7186057.668
1015,Nanhe,121405.66
1016,Nanhua,47537.0517
1017,Nanjian Yi,34353.1205
1018,Nanjiang,508991.3896
1019,Nanjing,10152155.75
1020,Nankang,764599.3998
1021,Nanle,126818.681
1022,Nanling,240896.2335
1023,Nanning,9772329.266
1024,Nanpi,91116.537
1025,Nanping,259527.6466
1026,Nansha,2362651
1027,Nantong,1431612.712
1028,Nanxi,163199.7899
1029,Nanxiong,129432.5632
1030,Nanyang Shì,765181.3797
1031,Nanzhang,122343.405
1032,Nanzhao,120790.7832
1033,Nanzheng,225867.1054
1034,Napo,13305.5397
1035,Nayong,280473.7129
1036,Nehe,53844.8563
1037,Neihuang,220272
1038,Neiqiu,104160.95
1039,Neixiang,203135
1040,Nenjiang,33805.5768
1041,Nilka,29385.1389
1042,Ning,91644.2762
1043,Ning'an,27396.4727
1044,Ningcheng,135828.1199
1045,Ningdu,159585.888
1046,Ninggang,204582.8138
1047,Ningguo,264191.7861
1048,Ninghai,662415.8332
1049,Ninghe,215055.0966
1050,Ninghua,119914.237
1051,Ningjin,266745.0092
1052,Ninglang Yi,12782.3249
1053,Ningling,48482.9067
1054,Ningming,23509.13
1055,Ningqiang,20687.8815
1056,Ningshan,15013.6561
1057,Ningwu,11438.09
1058,Ningyang,219839.9328
1059,Nong'an,282395.5636
1060,Nàxi,370774.4384
1061,Ongniud,98280.7998
1062,Oroqin,15931.8656
1063,Otog,50231.1462
1064,Otog Front,22720.7439
1065,Ouhai,2693140.191
1066,Pan,1524967.058
1067,Pan'an,126258.033
1068,Panjin,1131217.74
1069,Panshan,136666.0766
1070,Panshi,76065.4759
1071,Pei,1029065.754
1072,Peng,12854441.25
1073,Peng'an,110298.5534
1074,Penglai,556763.6462
1075,Pengshan,378204.776
1076,Pengxi,264646.9807
1077,Pengyang,33936.39
1078,Pengze,163375.195
1079,Pi,781318.3861
1080,Pianguan,8522.7
1081,Ping'an,36588.7321
1082,Pingba,118325.11
1083,Pingbian Miao,11730.3608
1084,Pingchang,506757.054
1085,Pingding,133685.2625
1086,Pingdingshan,1075243.342
1087,Pingdu,706408.6927
1088,Pinggu,6041.5495
1089,Pingguo,280490.4342
1090,Pinghe,78949.3733
1091,Pinghu,1193781.155
1092,Pingle,75096.2629
1093,Pingli,9492.304
1094,Pingliang,338575.0661
1095,Pinglu,77853.4696
1096,Pingluo,83269.3418
1097,Pingnan,285175.0246
1098,Pingquan,224627.5309
1099,Pingshan,177239.6568
1100,Pingshun,10158.43
1101,Pingtang,87047.0728
1102,Pingwu,36584.0007
1103,Pingxiang,1068887.231
1104,Pingyang,1049997.684
1105,Pingyao,79379.5455
1106,Pingyi,389647.0609
1107,Pingyin,183225.6283
1108,Pingyu,218121.6077
1109,Pingyuan,280045.9086
1110,Pishan,7762.2427
1111,Pizhou,1937884.039
1112,Plain Blue,24337.244
1113,Plain and Bordered White,2051.8943
1114,Poskam,4775.7105
1115,Pu,11720.177
1116,Pu'an,6958.1757
1117,Pubei,72088.6065
1118,Pucheng,161110.5918
1119,Puding,313661.4745
1120,Puer,350667.0432
1121,Puge,1815
1122,Pujiang,709422.8307
1123,Puning,243771.6896
1124,Puqi,460227.9267
1125,Putian,2187542.074
1126,Putian County,2187542.074
1127,Putuo,398238.3308
1128,Puyang Shì,806727.1881
1129,Puyang Xiàn,296321.8543
1130,Qahar Youyi Houqi,7165
1131,Qahar Youyi Qianqi,7165
1132,Qahar Youyi Zhongqi,7165
1133,Qapqal Xibe,49785.5932
1134,Qi,587722.4568
1135,Qian,44577.0774
1136,Qian Gorlos Mongol,76873.4518
1137,Qian'an,640495.0784
1138,Qianjiang,387153.7058
1139,Qianshan,1810000.287
1140,Qianwei,176443.3439
1141,Qianxi,346841.8799
1142,Qianyang,22115.51
1143,Qiaojia,9517.5218
1144,Qichun,268606.3003
1145,Qidong,2520076
1146,Qiemo,19672.069
1147,Qihe,942663.61
1148,Qilian,8001.8903
1149,Qimen,62842.1755
1150,Qin,10666.7921
1151,Qin'an,77481.8122
1152,Qing,1578939.474
1153,Qing Yuan,2120938.813
1154,Qing'an,32355.73
1155,Qingcheng,422382.4369
1156,Qingchuan,17645.6073
1157,Qingfeng,183894.2529
1158,Qinggang,48491.4356
1159,Qinggil,140106.076
1160,Qinghe,918905.684
1161,Qingjian,7918.49
1162,Qingjiang,2021113.749
1163,Qingliu,35413.3976
1164,Qinglong,859011.6948
1165,Qingshen,95122.8265
1166,Qingshuihe,9987.1694
1167,Qingtian,204011.842
1168,Qingtongxia,79775.6
1169,Qingxin,174838.1961
1170,Qingxu,89512.576
1171,Qingyang,725032.5928
1172,Qingyuan,84671.9396
1173,Qingyuan Manchu,121544.25
1174,Qingyun,183252.4234
1175,Qingzhen,503141.5
1176,Qingzhou,884436.0703
1177,Qinhuangdao,834798.1997
1178,Qinshui,103949.1851
1179,Qinyang,178222
1180,Qinyuan,35305.4904
1181,Qinzhou,630486.453
1182,Qionglai,254126.0041
1183,Qiongzhong Li and Miao,70595.2284
1184,Qiqihar,553882.8
1185,Qishan,136172.7382
1186,Qitai,320529.034
1187,Qitaihe,88055.6498
1188,Qiu,49794.3124
1189,Qiubei,91350.7013
1190,Qixia,127103.5753
1191,Qu,256354.9236
1192,Quanjiao,366027.1997
1193,Quannan,624517.6408
1194,Quanzhou,111385.852
1195,Queshan,95875.602
1196,Qufu,636303.7605
1197,Qujiang,109484.6999
1198,Quwo,22447.7939
1199,Quyang,131556.52
1200,Quzhou,83008.5133
1201,Quzhou Shì,734462.0534
1202,Raohe,15142.34
1203,Raoping,50165.227
1204,Raoyang,58416.2494
1205,Ren,104537
1206,Renhua,43336.1964
1207,Renhuai,216502.0107
1208,Renqiu,497460.891
1209,Renshou,1616554.413
1210,Rizhao,1960703.175
1211,Rong,310048.7501
1212,Rong'an,94127.4023
1213,Rongcheng,63654.3752
1214,Rongjiang,55120.69
1215,Rongshui Miao,100184.1123
1216,Rudong,3327567.714
1217,Rugao,2748501.861
1218,Ruian,1921778.331
1219,Ruichang,933308.56
1220,Ruicheng,91081.0996
1221,Ruijin,321609.6228
1222,Ruili,217902.4155
1223,Runan,93275.4931
1224,Ruoqiang,4483.3522
1225,Rushan,1627673.803
1226,Ruyang,99182.1396
1227,Ruyuan Yao,46930.958
1228,Sandu Shui,26082.275
1229,Sanhe,991653.0013
1230,Sanjiang Dong,62548.5369
1231,Sanmen,166341.2218
1232,Sanmenxia,155014.93
1233,Sanshui,1930098.284
1234,Sansui,45298.0553
1235,Santai,177936.704
1236,Sanya,2320075.523
1237,Sanyuan,90421.8683
1238,Sha,287429.2
1239,Shahe,247908.0866
1240,Shan,531076.2675
1241,Shandan,43376.0379
1242,Shang,208290.49
1243,Shangcai,142549.4305
1244,Shangdu,43849.7
1245,Shanggao,317323.566
1246,Shanghang,96619.2849
1247,Shanghe,163063.3051
1248,Shanglin,46844.0931
1249,Shangnan,71251.6436
1250,Shangrao Shì,1630517.375
1251,Shangrao Xiàn,200869.256
1252,Shangshui,81498.18
1253,Shangsi,46416.1382
1254,Shangyi,22755.3396
1255,Shangyou,74527.4376
1256,Shangyu,1016320.285
1257,Shangzhi,45130.5465
1258,Shanming,464391.9482
1259,Shantou,2154769.614
1260,Shanwei,336398.4562
1261,Shanyang,158020.22
1262,Shanyin,108886.7587
1263,Shaoguan,780475.8573
1264,Shaoshan,92387.46
1265,Shaowu,183439.0516
1266,Shaoxing,2098925.868
1267,Shaoxing Xiàn,1636931.838
1268,Shaoyang Shì,526850.3026
1269,Shaoyang Xiàn,123830.52
1270,Shashi,140255.2802
1271,Shawan,186707.0953
1272,Shayang,227184.346
1273,Shayar,36235.2939
1274,Shazhou,6507765.351
1275,She,233595.8484
1276,Shehong,389021.1615
1277,Shen,676667.8209
1278,Shenchi,18048.2
1279,Shengsi,210400.4588
1280,Shenmu,131013.0878
1281,Shennongjia,33149.68
1282,Shenqiu,200442.4498
1283,Shenxian,17781.4201
1284,Shenyang Shì,2961225.46
1285,Shenze,34186.9821
1286,Sheqi,163517.45
1287,Sheyang,1263898.944
1288,Shibing,26724.6
1289,Shicheng,193430.434
1290,Shidian,55337.7776
1291,Shifang,232584.0592
1292,Shihezi,155931.2829
1293,Shijiazhuang,7386929.211
1294,Shilou,5117.7846
1295,Shimian,9563.5031
1296,Shiping,23592.6377
1297,Shiqian,29321.7
1298,Shiquan,46077.2985
1299,Shishi,1089776.64
1300,Shishou,1621568.997
1301,Shitai,24043.6998
1302,Shixing,90234.1779
1303,Shiyan,1105831.546
1304,Shizhong,1762612.467
1305,Shizong,65663.8421
1306,Shizuishan Shì,127263
1307,Shou,448012.3437
1308,Shouguang,1197833.442
1309,Shouning,67244.21
1310,Shouyang,935110.58
1311,Shuangbai,14703.6552
1312,Shuangcheng,90372
1313,"Shuangjiang Lahu, Va, Blang and Dai",25231.1916
1314,Shuangliao,61052.7874
1315,Shuangliu,1807541.694
1316,Shuangyang,235137.7405
1317,Shuangyashan,56903.3826
1318,Shucheng,859019.3171
1319,Shufu,47336.8836
1320,Shuicheng,94145.2081
1321,Shuifu,7951.7242
1322,Shulan,60561.4842
1323,Shule,58082.81
1324,Shulu,7386929.211
1325,Shunchang,38409.2049
1326,Shunde,5120342.455
1327,Shunyi,40994.9728
1328,Shuo,244472.1847
1329,Shuyang,817538.194
1330,Si,371962.6128
1331,Sihong,1211808.779
1332,Sihui,434402.9332
1333,Simao,9066.0803
1334,Sinan,295909
1335,Siping,390810.01
1336,Sishui,123468.94
1337,Siyang,1284297.693
1338,Siziwang,25427.9041
1339,Song,42196.04
1340,Songming,220636.482
1341,Songpan,8089.61
1342,Songtao Miao,234570.31
1343,Songxi,70814.03
1344,Songyang,191499.7026
1345,Songzi,665063.2125
1346,Sonid Left,4972.6991
1347,Sonid Right,31289.8332
1348,Subei Mongol,2884.4446
1349,Sui,194015.9533
1350,Suibin,10018.9939
1351,Suichang,134412.6281
1352,Suichuan,176559.4904
1353,Suide,28962.0879
1354,Suifenhe,139003.9993
1355,Suihua,202167.7377
1356,Suijiang,222.1984
1357,Suileng,21126.8467
1358,Suining,1179014.305
1359,Suiping,147894.3789
1360,Suixi,258475.8297
1361,Suiyang,353173.4135
1362,Suizhong,388256.3246
1363,Suizhou,529479.625
1364,Sunan Yugur,1501.051
1365,Suning,70148.3436
1366,Sunwu,4346.095
1367,Suqian,1609410.031
1368,Susong,316522.1594
1369,Suyu,74665.6272
1370,Suzhou,6539133.627
1371,Tacheng,55734.7471
1372,Tahe,7928.1663
1373,Tai An,1682586.812
1374,Tai'an,146307.2654
1375,Taibai,16263.646
1376,Taibus,15246.4477
1377,Taicang,1504877
1378,Taigu,76061.0062
1379,Taihe,2407824.45
1380,Taihu,137665.9786
1381,Taijiang,58618.0016
1382,Taikang,150029.5872
1383,Tailai,27041.8367
1384,Taining,53489.7085
1385,Taiping,202120.0754
1386,Taiqian,46254.5972
1387,Taishan,260296.5895
1388,Taishun,123509.057
1389,Taixing,2841400.762
1390,Taiyuan,6285981.122
1391,Taizhou,2758106.418
1392,Tancheng,4300154.507
1393,Tang,68921.7562
1394,Tanggu,3132330.041
1395,Tanghai,811997.8765
1396,Tanghe,96485.5547
1397,Tangshan,2265874.794
1398,Tangyin,389757.8668
1399,Tangyuan,19246.49
1400,Taole,127263
1401,Taonan,62449.5841
1402,Taxkorgan Tajik,8330.9647
1403,Tekes,34044.3903
1404,Teng,796912.677
1405,Tengchong,223711.2243
1406,Tian'e,27565.0154
1407,Tianchang,509621.1
1408,Tiandeng,28669.9365
1409,Tiandong,67245.6849
1410,Tianjun,2127.3141
1411,Tianlin,16430.3984
1412,Tianmen,472757.4345
1413,Tianquan,65114.8865
1414,Tianshui,464570.035
1415,Tiantai,341105.1595
1416,Tianyang,191301.5444
1417,Tianzhen,28840
1418,Tianzhu,61962.089
1419,Tianzhu Tibetan,31383.179
1420,Tiefa,831145.3964
1421,Tieli,39220.7122
1422,Tieling Shì,831145.3964
1423,Tieling Xiàn,118753.7902
1424,Togtoh,131622.368
1425,Toksu,14528.3687
1426,Toksun,58349.7441
1427,Toli,18808.2941
1428,Tong'an,47752.2384
1429,Tongbai,78260.1501
1430,Tongcheng,298885.8418
1431,Tongchuan,133899.3851
1432,Tongde,1400.4193
1433,Tonggu,43181.34
1434,Tongguan,363986.1273
1435,Tonghai,197420.2775
1436,Tonghe,26638.087
1437,Tonghua,139968.7115
1438,Tongjiang,488057.1663
1439,Tongliao,153109.2178
1440,Tongling,452858.37
1441,Tonglu,486909.6599
1442,Tongren,257512.8611
1443,Tongshan,1171552.008
1444,Tongwei,25644.6151
1445,Tongxiang,1633033.188
1446,Tongxin,40375.584
1447,Tongxu,167522.31
1448,Tongyu,30491.8404
1449,Tongzhou,5287292.713
1450,Tongzi,286472.4342
1451,Tumd Left,186137.2944
1452,Tumd Right,67273.3979
1453,Tumen,7730.101
1454,Tunliu,46577.2157
1455,Tuquan,30666.8205
1456,Turfan,167012.2154
1457,Têwo,715.5275
1458,Ulan Hot,131248.3638
1459,Urad Back,7615
1460,Urad Front,29195.2677
1461,Urad Middle,28817.2655
1462,Uxin,66020.3154
1463,Wafangdian,534729.5966
1464,Wan,2120938.813
1465,Wangcang,83558.43
1466,Wangdu,61751.869
1467,Wangjiang,200065.3385
1468,Wangkui,39609.0932
1469,Wangmo,30325.6311
1470,Wangqing,14253.5143
1471,Wannian,147023.509
1472,Wanning,437753.1732
1473,Wanquan,213289.743
1474,Wanrong,57002.8283
1475,Wanshan Special,76674.0557
1476,Wanyuan,91740.4907
1477,Wanzai,338702.636
1478,Wan’an,84578.95
1479,Wei,177091.74
1480,Weifang Shì,436788.2149
1481,Weifang Xiàn,436788.2149
1482,Weihai,244.3044
1483,Weinan,363986.1273
1484,"Weining Yi, Hui and Miao",234813.9941
1485,Weishan,2385827.67
1486,Weishi,121371.3252
1487,Weixi Lisu,12290.3898
1488,Weixin,3194.2121
1489,Weiyuan,232623.5922
1490,Wen,115450.0748
1491,Wen'an,198736.8226
1492,Wenchang,335872.4532
1493,Wencheng,108393.5541
1494,Wenchuan,3618.3195
1495,Wendeng,244.3044
1496,Weng'an,418743.7833
1497,Wengyuan,111471.8203
1498,Wenjiang,913864.931
1499,Wenling,1255856.048
1500,Wenquan,6051.959
1501,Wenshan,410379.9734
1502,Wenshang,450501.6615
1503,Wenshui,20492.9301
1504,Wensu,48229.5409
1505,Wenxi,68776.5719
1506,Wenzhou,697948.8593
1507,West Ujimqin,53371.512
1508,Wu'an,369311.36
1509,Wubu,1424723.657
1510,Wuchang,69239.0156
1511,Wucheng,189675.8993
1512,Wuchuan,72828.8893
1513,Wudalianchi,25160.14
1514,Wudi,167035.7639
1515,Wuding,42567.0851
1516,Wudu,11379.6982
1517,Wufeng Tujia,140475.1423
1518,Wugang,134308.6146
1519,Wugong,1828250.306
1520,Wuhai,297.6
1521,Wuhan,22111003.28
1522,Wuhe,429251.866
1523,Wuhu,3730360.507
1524,Wuhua,162407.8203
1525,Wuji,73098.44
1526,Wujiang,5239036.848
1527,Wujin,3947214.29
1528,Wulan,6154.7421
1529,Wulian,214572.6359
1530,Wuming,466076.795
1531,Wuning,527321.5818
1532,Wuping,143351.4432
1533,Wuqi,48815.4766
1534,Wuqia,15188.0796
1535,Wuqiang,67069.0955
1536,Wuqiao,79706.8703
1537,Wuqing,2366801.057
1538,Wushan,76818.549
1539,Wusheng,536621.3494
1540,Wutai,58654.2571
1541,Wutongqiao,59490.2846
1542,Wuwei,1032971.695
1543,Wuxi,2897226.23
1544,Wuxian,6507765.351
1545,Wuxiang,12142.175
1546,Wuxuan,103878.1126
1547,Wuyang,61382.1311
1548,Wuyi,382552.6235
1549,Wuyuan,281204.9403
1550,Wuzhai,47876.16
1551,Wuzhi,185189.9762
1552,Wuzhong,316466.932
1553,Wuzhou,265268.6749
1554,Xi,222005.613
1555,Xia,35889.9915
1556,Xiahe,11474.2501
1557,Xiajiang,111121.7467
1558,Xiajin,138973.5323
1559,Xiamen,11941271.13
1560,Xian,105121.7379
1561,Xianfeng,30615.3667
1562,Xiangcheng,242228
1563,Xiangfan,1107537.942
1564,Xiangfen,134619.65
1565,Xianghe,1121357.173
1566,Xiangning,20847.834
1567,Xiangshan,765066.6982
1568,Xiangshui,571938.95
1569,Xiangtan Shì,823245.2118
1570,Xiangtan Xiàn,344300.1273
1571,Xiangyang,1015678.165
1572,Xiangyuan,95676.558
1573,Xiangyun,108380.2791
1574,Xiangzhou,36509.5843
1575,Xianju,613302.8194
1576,Xianning,460227.9267
1577,Xianyang,1828250.306
1578,Xianyou,559866.4514
1579,Xiao,322254.4927
1580,Xiaochang,74195.2224
1581,Xiaogan,536384.6098
1582,Xiaojin,2706.8521
1583,Xiaoshan,8648988.324
1584,Xiaoyi,163407.3694
1585,Xiapu,216008.0004
1586,Xiayi,109022.4137
1587,Xichang,1001635.091
1588,Xichong,329148.8512
1589,Xichou,33758.437
1590,Xichuan,105994
1591,Xide,3225.5858
1592,Xifeng,241556.2463
1593,Xihe,7957.231
1594,Xihua,62074.053
1595,Xiji,36039.89
1596,Xilin,33181.5398
1597,Ximeng Va,4341.0362
1598,Xin'an,126816.1071
1599,Xinbarag Left,92116.42
1600,Xinbarag Right,92116.42
1601,Xinbin Manchu,83323.04
1602,Xincai,197745.5238
1603,Xinchang,527633.5465
1604,Xincheng,2143369.813
1605,Xindu,1388113.735
1606,Xinfeng,289118.0124
1607,Xinfu,67416
1608,Xing,65057.6401
1609,Xingan,216080.646
1610,Xingcheng,316598.5899
1611,Xingguo,234473.856
1612,Xinghai,4383.0832
1613,Xinghe,32906.1447
1614,Xinghua,430397.93
1615,Xinglong,98529.12
1616,Xingning,508649.0662
1617,Xingping,78130.24
1618,Xingren,27450.9
1619,Xingshan,15955.3026
1620,Xingtai Xiàn,163175.4295
1621,Xingtai shì,163175.4295
1622,Xingtang,41712.79
1623,Xingwen,161891.6185
1624,Xingyang,1436996.16
1625,Xingyi,408661.8838
1626,Xingzi,163225.1001
1627,Xing’an,55235.1586
1628,Xinhe,58073.3299
1629,Xinhuang Dong Dongzu,65913.8979
1630,Xinhui,497231.3342
1631,Xining,1303681.225
1632,Xinjian,1352938.086
1633,Xinjiang,36638.6094
1634,Xinjin,6258376.992
1635,Xinle,133870.195
1636,Xinlin,2739.0495
1637,Xinlong,2865.1433
1638,Xinmin,351964.6092
1639,Xinping Yi and Dai,137295.2493
1640,Xinwen,1682586.812
1641,Xinxian,130474.996
1642,Xinxiang Shì,785588.0128
1643,Xinxiang Xiàn,785588.0128
1644,Xinxing,197682.6812
1645,Xinyang Shì,130474.996
1646,Xinye,103361
1647,Xinyi,1050286.015
1648,Xinyu,981461.31
1649,Xinyuan,44362.3763
1650,Xinzheng,2255429.544
1651,Xinzhou,835094.655
1652,Xiong,27961.4101
1653,Xiping,159002.94
1654,Xiqing,2911003.572
1655,Xishan,5238919.666
1656,Xishui,212450.6903
1657,Xiuning,124662.1265
1658,Xiushui,300438.3753
1659,Xiuwen,75296.577
1660,Xiuwu,77403.95
1661,Xiuyan Manchu,115930.7171
1662,Xiuzhou,1604017.774
1663,Xixia,86320.5247
1664,Xixiang,119235.4302
1665,Xiyang,59594.9061
1666,Xuanhan,358885.3567
1667,Xuanhua,92285.9829
1668,Xuanwei,69039.6533
1669,Xuanzhou,165233.4897
1670,Xuchang Shì,834058.3144
1671,Xuchang Xiàn,465782
1672,Xuguit Qi,92116.42
1673,Xun,738193.4206
1674,Xundian Hui and Yi,71772.1978
1675,Xunhua Salar,3386.5904
1676,Xunke,8031.42
1677,Xunwu,67117.27
1678,Xunyang,6557.4569
1679,Xunyi,6081.788
1680,Xushui,343284.53
1681,Xuwen,115683.5757
1682,Xuyi,357100.7328
1683,Xuyong,246055.6731
1684,Xuzhou,3020785.719
1685,Ya An,279389.2889
1686,Yajiang,4698.6
1687,Yan An,566681.4536
1688,Yanbian,19503.6956
1689,Yanchang,29238.0483
1690,Yanchi,55491.84
1691,Yanchuan,60681.5388
1692,Yandu,1201779.14
1693,Yang,87763.9019
1694,Yangbi Yi,14068.8263
1695,Yangcheng,76210.9525
1696,Yangchun,158855.334
1697,Yangdong,98468.1744
1698,Yanggao,15106.0986
1699,Yanggu,227002.0734
1700,Yangjiang,433440.8354
1701,Yangqu,125118.9752
1702,Yangquan,10783.5135
1703,Yangshan,59383.3468
1704,Yangshuo,119604.6945
1705,Yangxi,148918.1169
1706,Yangxin,800125.7471
1707,Yangyuan,73645.5011
1708,Yangzhong,550790.8955
1709,Yangzhou,1318158.878
1710,Yanhe Tujia,134249.6264
1711,Yanji,140606.5148
1712,Yanjin,74860.8778
1713,Yanling,233014.7
1714,Yanqi Hui,8501.2355
1715,Yanshan,200006.0257
1716,Yanshi,118986.0511
1717,Yanshou,17735.5636
1718,Yantai,1077614.932
1719,Yanting,228850.7176
1720,Yanyuan,26067.4238
1721,Yanzhou,549502.6866
1722,Yao'an,32849.3899
1723,Ye,121394.83
1724,Yecheng,68088.6335
1725,Yengisar,17016.2351
1726,Yi,277727.8687
1727,Yi'an,32145.541
1728,Yiancheng,2244552.876
1729,Yibin Shì,894613.0557
1730,Yibin Xiàn,308200.7681
1731,Yichang,2205111.645
1732,Yicheng,167818.449
1733,Yichuan,203970.6693
1734,Yichun,638823.231
1735,Yidu,2205111.645
1736,Yifeng,183434.4008
1737,Yihuang,258817.2
1738,Yijun,9912.224
1739,Yilan,48617.4461
1740,Yiliang,143674.1076
1741,Yiling,482914.3633
1742,Yilong,161031.4483
1743,Yima,42947.6288
1744,Yimen,89876.3581
1745,Yinan,403102.6913
1746,Yinchuan,2061165.861
1747,Ying,88303.208
1748,Yingde,442950.2345
1749,Yingjiang,35153.9102
1750,Yingjing,94566.1
1751,Yingkou,831145.3964
1752,Yingshan,490369.8426
1753,Yingshouyingzikuang,2260.58
1754,Yingtan,504045.3809
1755,Yining,119190.008
1756,Yining Shì,119190.008
1757,Yinzhou,9519.61
1758,Yishui,517634.299
1759,Yitong Manchu,29523.9042
1760,Yiwu,1847998.842
1761,Yixing,2068813.067
1762,Yiyang,934903.4452
1763,Yiyang Shì,1103505.434
1764,Yiyuan,204597.3788
1765,Yizheng,1580854.749
1766,Yong'an,219434.69
1767,Yongchang,28319.7069
1768,Yongcheng,372073.6213
1769,Yongchun,172978.0274
1770,Yongde,18508.3267
1771,Yongdeng,471578.7032
1772,Yongding,194029.3845
1773,Yongfeng,167634.36
1774,Yongfu,56453.0401
1775,Yonghe,210289.5921
1776,Yongji,172905.5775
1777,Yongjia,720565.8343
1778,Yongjing,27122.5
1779,Yongkang,921170.8164
1780,Yongnian,349558.2291
1781,Yongning,428440.1922
1782,Yongping,38716.3693
1783,Yongqiao,16320.4919
1784,Yongqing,416120
1785,Yongren,20678.8137
1786,Yongshan,26027.9982
1787,Yongsheng,27801.1639
1788,Yongshou,17730.4291
1789,Yongtai,202401.8181
1790,Yongxin,148389.2803
1791,Yongxiu,390713.0971
1792,Yopurga,38612.0235
1793,Youxi,153181.0444
1794,Youyu,61848.776
1795,Yu,995858.3064
1796,Yuan'an,156432.5075
1797,Yuanba,81198.4369
1798,Yuanjiang,122023.7166
1799,"Yuanjiang Hani, Yi and Dai",47856.6762
1800,Yuanmou,74079.0451
1801,Yuanping,108262.8031
1802,Yuanqu,20752.0459
1803,Yuanshi,138703.2468
1804,Yuanyang,409376.6764
1805,Yucheng,689288.1998
1806,Yuci,935110.58
1807,Yudu,300475.19
1808,Yuechi,282323.5553
1809,Yueqing,1528215.149
1810,Yuexi,106906.9276
1811,Yueyang Xiàn,141805.332
1812,Yufeng,6.8175
1813,Yugan,282772.3172
1814,Yuhang,7489088.086
1815,Yuhuan,540113.6414
1816,Yujiang,146988.3623
1817,Yuli,24748.6
1818,Yulin,1424723.657
1819,Yulong Naxi,55363.9769
1820,Yumen,107600.2216
1821,Yumin,1468.3547
1822,Yun,299797.357
1823,Yun'an,33888.9789
1824,Yunan,31740.2577
1825,Yuncheng,362166.8305
1826,Yunhe,109450.3445
1827,Yunmeng,292639.3
1828,Yunxi,40316.3656
1829,Yuping Dong,491254.796
1830,Yuqing,61916.928
1831,Yushan,260316.0173
1832,Yushe,10924.8056
1833,Yushu,226181.3563
1834,Yutai,145717.6037
1835,Yutian,172585.57
1836,Yuxi,197420.2775
1837,Yuyao,1255657.469
1838,Yuzhong,257947.6667
1839,Zamtang,108.4026
1840,Zanhuang,41503.43
1841,Zaoqiang,143550.0372
1842,Zaoyang,229610.3208
1843,Zengcheng,2796809.864
1844,Zepu,4775.7105
1845,Zhang,5145.1564
1846,Zhangbei,144243.085
1847,Zhangjiachuan Hui,12365.6688
1848,Zhangjiakou,701388.4788
1849,Zhangping,86495.3
1850,Zhangpu,684295.0902
1851,Zhangqiu,1027863.54
1852,Zhangshu,511239.4644
1853,Zhangwu,154729.845
1854,Zhangye,56084.9606
1855,Zhangzhou,1138671.82
1856,Zhangzi,39876.3113
1857,Zhanhua,92374.0098
1858,Zhanyi,155270.0887
1859,Zhao,121902.357
1860,Zhao'an,80951.4425
1861,Zhaodong,258103.3462
1862,Zhaojue,9526.3911
1863,Zhaoping,67725.0911
1864,Zhaoqing,745903.3991
1865,Zhaosu,22585.7634
1866,Zhaotong,21827.9767
1867,Zhaoyuan,420531.9254
1868,Zhaozhou,41041.9646
1869,Zhaozhuang,668023.3119
1870,Zhashui,17732.2431
1871,Zhecheng,1040368.514
1872,Zhen'an,62735.8561
1873,Zhenba,11682.8
1874,Zhenfeng,63266.54
1875,Zheng'an,9403.3832
1876,Zhengding,606503.0438
1877,Zhenghe,50710.862
1878,Zhengning,9441.6989
1879,Zhengyang,133451.8234
1880,Zhengzhou,19564386.26
1881,Zhenhai,1047481.058
1882,Zhenjiang,1301235.818
1883,Zhenkang,30338.5552
1884,Zhenlai,25952.4549
1885,Zhenping,145887.2983
1886,Zhenxiong,88850.3413
1887,Zhenyuan,80431.5874
1888,"Zhenyuan Yi, Hani and Lahu",11362.9202
1889,Zherong,42350.0806
1890,Zhidan,12075.8367
1891,Zhijiang,631423.4576
1892,Zhijin,197102
1893,Zhongdian,39193.1902
1894,Zhongjiang,176254.4879
1895,Zhongmou,2628186.929
1896,Zhongning,324018.872
1897,Zhongshan,1871031.212
1898,Zhongwei,217172.108
1899,Zhongxiang,205677.15
1900,Zhongyang,9049.038
1901,Zhoukou,339606.0763
1902,Zhouning,97641.39
1903,Zhouzhi,88733.1246
1904,Zhuanghe,431574.9666
1905,Zhuanglang,79120.4875
1906,Zhucheng,1956831.708
1907,Zhuhai,4860988.691
1908,Zhuji,3166259.803
1909,Zhumadian,730445.6392
1910,Zhuo,2120938.813
1911,Zhuolu,206280.192
1912,Zhuozi,50686.201
1913,Zhushan,12590.6293
1914,Zhuxi,58197.817
1915,Zhuzhou Qu,1504477.26
1916,Zhuzhou Xiàn,219803.6421
1917,Zibo,3572107.366
1918,Zichang,42695
1919,Zichuan,27266.53
1920,Zigong,1120814.267
1921,Zigui,102217.832
1922,Zijin,59251.6736
1923,Zitong,90228.2542
1924,Zixi,36233.1715
1925,Ziyang,572599.7987
1926,Ziyuan,23210.4396
1927,Zizhong,277675.6451
1928,Zizhou,6325.3999
1929,Zongyang,199738.0157
1930,Zouping,190276.1008
1931,Zouxian,668023.3119
1932,Zunhua,121750.6616
1933,Zunyi Shì,1760244.25
1934,Zunyi Xiàn,377659.1637
1935,Zuoquan,18839.969
1936,Zuoyun,12460
1937,Zêkog,16.3585
1938,Ürümqi Shì,2085231.904
1939,Ürümqi Xiàn,265775.7306
